fio,account
Иванов Иван Иванович,1234567890
Петров Пётр Петрович,2468135790
Сидоров Сергей Алексеевич,1357924680
Федотов Алексей Станиславович,1241243124
Егорова Варвара Алексеевна,51351
Виноградова Таисия Данииловна,1461346
Котов Герман Григорьевич,1346146
Шевелев Ярослав Антонович,1461461436
Коршунова Елизавета Артёмовна,110616371.8
Тихомиров Артём Петрович,-80529761.19
Морозова Василиса Артуровна,-271675894.2
Петрова Кристина Кирилловна,-462822027.2
Михайлова Дарья Львовна,-653968160.2
Кузнецов Тимофей Андреевич,-845114293.2
Белова Анна Руслановна,-1036260426
Белкина Виктория Родионовна,-1227406559
Максимова Василиса Максимовна,-1418552692
Попова Маргарита Ивановна,-1609698825
Смирнов Иван Леонидович,-1800844958
Лаврова Валерия Михайловна,-1991991091
Андреева Эмилия Билаловна,-2183137224
Акимова Дарина Андреевна,-2374283357
Потапова Виктория Фёдоровна,-2565429490
Королев Дмитрий Артёмович,-2756575623
Тихомиров Андрей Мирославович,-2947721756
Некрасов Андрей Максимович,-3138867889
Родин Павел Романович,-3330014022
Никифорова Татьяна Николаевна,-3521160155
Парфенов Демид Артёмович,-3712306288
Андреева Арина Сергеевна,-3903452421
Евдокимова Амина Степановна,-4094598554
Сорокин Юрий Сергеевич,-4285744687
Жукова Полина Марковна,-4476890820
Троицкая Елизавета Богдановна,-4668036953
Кудряшов Александр Михайлович,-4859183086
Егорова Юлия Тимуровна,-5050329220
Сергеева Екатерина Максимовна,-5241475353
Егорова Ева Олеговна,-5432621486
Куликова Кристина Дмитриевна,-5623767619
Волкова Дарья Артемьевна,-5814913752
Авдеев Максим Никитич,-6006059885
Игнатова Амелия Егоровна,-6197206018
Грачев Артемий Константинович,-6388352151
Чернов Егор Егорович,-6579498284
Крылов Герман Максимович,-6770644417
Антипов Арсений Никитич,-6961790550
Дмитриева Стефания Артёмовна,-7152936683
Сычев Михаил Григорьевич,-7344082816
Скворцов Марк Святославович,-7535228949
Черкасов Евгений Сергеевич,-7726375082
Павлова Тамара Романовна,-7917521215
Царева Вера Павловна,-8108667348
Лебедева Анна Максимовна,-8299813481
Синицына Ариана Артёмовна,-8490959614
Попова Мария Львовна,-8682105747
Игнатова София Георгиевна,-8873251880
Аксенов Юрий Артёмович,-9064398013
Золотова Анастасия Александровна,-9255544146
Булгаков Даниил Максимович,-9446690279
Андреев Артём Маркович,-9637836412
Петров Максим Георгиевич,-9828982545
Кудрявцев Михаил Макарович,-10020128678
Ширяев Георгий Михайлович,-10211274811
Воробьев Глеб Константинович,-10402420944
Александрова Дарья Даниловна,-10593567077
Ермаков Лев Семёнович,-10784713210
Майорова Ева Алексеевна,-10975859343
Трофимова Эмилия Ильинична,-11167005476
Попов Максим Ильич,-11358151609
Сергеев Михаил Вячеславович,-11549297742
Яковлева Амира Максимовна,-11740443875
Логинова Мария Павловна,-11931590008
Семенов Даниил Адамович,-12122736141
Панкова Алиса Макаровна,-12313882274
Гаврилова Полина Михайловна,-12505028407
Кондратова Татьяна Саввична,-12696174540
Леонов Михаил Николаевич,-12887320673
Тарасов Владимир Глебович,-13078466806
Григорьев Роман Артёмович,-13269612939
Рябов Марк Петрович,-13460759072
Медведев Иван Сергеевич,-13651905205
Дружинин Юрий Никитич,-13843051338
Молчанова Александра Петровна,-14034197471
Жуков Давид Маркович,-14225343604
Пономарева Алёна Максимовна,-14416489737
Кузнецова Арина Сергеевна,-14607635870
Комарова Варвара Николаевна,-14798782003
Сидорова Арина Андреевна,-14989928136
Жданов Максим Львович,-15181074269
Скворцова София Ильинична,-15372220402
Потапов Сергей Викторович,-15563366535
Круглов Михаил Викторович,-15754512668
Тихонова Елизавета Кирилловна,-15945658801
Карасева Александра Адамовна,-16136804934
Сидорова Варвара Артёмовна,-16327951067
Галкин Кирилл Русланович,-16519097200
Козлов Семён Юрьевич,-16710243333
Кузьмина Василиса Всеволодовна,-16901389466
Шестакова Мария Марковна,-17092535599
Ларин Артём Демидович,-17283681732
Винокурова Эмилия Егоровна,-17474827865
Демин Николай Максимович,-17665973998
Минаев Степан Ярославович,-17857120131
Лазарева Виктория Ивановна,-18048266264
Кононова Есения Михайловна,-18239412397
Смирнов Степан Романович,-18430558530
Данилов Роман Александрович,-18621704663
Семенова Ксения Михайловна,-18812850796
Никитина Софья Никитична,-19003996929
Романова Кира Фёдоровна,-19195143062
Озеров Денис Георгиевич,-19386289195
Алексеев Владислав Захарович,-19577435328
Добрынин Марк Львович,-19768581461
Островская Мария Николаевна,-19959727594
Фролова Анна Николаевна,-20150873727
Петровская Майя Степановна,-20342019860
Мельникова Анна Александровна,-20533165993
Дьякова Анастасия Владиславовна,-20724312126
Дмитриева Сафия Тимуровна,-20915458259
Пантелеева Мария Елисеевна,-21106604393
Трифонова Эмилия Давидовна,-21297750526
Давыдов Макар Иванович,-21488896659
Белов Борис Никитич,-21680042792
Черных Ангелина Дмитриевна,-21871188925
Павлов Артём Антонович,-22062335058
Казаков Павел Денисович,-22253481191
Баранова Ольга Максимовна,-22444627324
Кононов Даниил Даниилович,-22635773457
Игнатова Варвара Макаровна,-22826919590
Иванов Даниил Владимирович,-23018065723
Степанов Фёдор Ильич,-23209211856
Скворцова Ксения Михайловна,-23400357989
Нечаев Марк Петрович,-23591504122
Воробьева Варвара Никитична,-23782650255
Смирнов Андрей Никитич,-23973796388
Сазонова Вера Георгиевна,-24164942521
Иванов Матвей Дмитриевич,-24356088654
Киселева Софья Арсеновна,-24547234787
Юдин Лука Владимирович,-24738380920
Родин Святослав Леонович,-24929527053
Воробьев Андрей Арсентьевич,-25120673186
Попов Ярослав Макарович,-25311819319
Дубов Артём Артёмович,-25502965452
Воронина Полина Ярославовна,-25694111585
Белоусов Лев Егорович,-25885257718
Гусев Марк Арсентьевич,-26076403851
Егорова Виктория Сергеевна,-26267549984
Герасимов Александр Романович,-26458696117
Панкратов Павел Васильевич,-26649842250
Фомина Юлия Александровна,-26840988383
Попова Анастасия Макаровна,-27032134516
Субботина Анастасия Тимофеевна,-27223280649
Соколова Алина Михайловна,-27414426782
Егоров Андрей Александрович,-27605572915
Уткин Роман Тимофеевич,-27796719048
Романова Василиса Ивановна,-27987865181
Волков Даниил Лукич ,-28179011314
Головина София Никитична,-28370157447
Попов Антон Максимович,-28561303580
Орлов Роман Андреевич,-28752449713
Андреева Мария Ивановна,-28943595846
Демина Нина Марковна,-29134741979
Большаков Роман Тимофеевич,-29325888112
Макаров Константин Фёдорович,-29517034245
Панин Тимур Дмитриевич,-29708180378
Исаева София Николаевна,-29899326511
Дубровин Даниэль Максимович,-30090472644
Зорина Арина Романовна,-30281618777
Борисова Ксения Александровна,-30472764910
Колосов Марк Степанович,-30663911043
Сорокин Матвей Романович,-30855057176
Романов Максим Денисович,-31046203309
Соловьева Ульяна Савельевна,-31237349442
Степанов Святослав Ильич,-31428495575
Щербакова Вероника Глебовна,-31619641708
Лебедева Любовь Никитична,-31810787841
Овчинникова Мария Давидовна,-32001933974
Степанов Николай Георгиевич,-32193080107
Марков Сергей Тимофеевич,-32384226240
Андрианова Софья Савельевна,-32575372373
Самойлов Мирон Александрович,-32766518506
Фирсова Анастасия Евгеньевна,-32957664639
Моисеева Анастасия Леонидовна,-33148810772
Черкасова Арина Максимовна,-33339956905
Кириллов Андрей Максимович,-33531103038
Федоров Олег Никитич,-33722249171
Федорова Оливия Тиграновна,-33913395304
Зайцева Алина Давидовна,-34104541437
Ковалев Арсений Александрович,-34295687570
Рогов Алексей Михайлович,-34486833703
Степанов Алексей Андреевич,-34677979836
Поляков Даниэль Глебович,-34869125969
Морозова Алла Давидовна,-35060272102
Анохина Виктория Игоревна,-35251418235
Попов Гордей Львович,-35442564368
Полякова Виктория Алексеевна,-35633710501
Смирнова Ольга Тимуровна,-35824856634
Попов Семён Григорьевич,-36016002767
Демидов Роман Максимович,-36207148900
Егорова Таисия Григорьевна,-36398295033
Голубев Артур Артемьевич,-36589441166
Литвинова Милана Андреевна,-36780587299
Максимов Александр Григорьевич,-36971733432
Соболева Пелагея Георгиевна,-37162879566
Попова Арина Ярославовна,-37354025699
Дорофеева Маргарита Данииловна,-37545171832
Борисов Олег Львович,-37736317965
Воробьева Вера Владимировна,-37927464098
Чистяков Богдан Романович,-38118610231
Петров Дмитрий Русланович,-38309756364
Соловьева Екатерина Александровна,-38500902497
Ильин Андрей Семёнович,-38692048630
Соловьев Роман Вадимович,-38883194763
Быков Алексей Ильич,-39074340896
Осипова Варвара Алексеевна,-39265487029
Тарасов Владислав Георгиевич,-39456633162
Иванова Агата Львовна,-39647779295
Горшков Владимир Максимович,-39838925428
Гаврилова Ксения Тимуровна,-40030071561
Николаев Давид Арсентьевич,-40221217694
Жуков Матвей Алексеевич,-40412363827
Третьяков Михаил Дмитриевич,-40603509960
Трошина Анастасия Артуровна,-40794656093
Давыдов Виктор Артёмович,-40985802226
Ермаков Богдан Мирославович,-41176948359
Харитонов Кирилл Иванович,-41368094492
Муравьев Владимир Васильевич,-41559240625
Шульгина Камила Макаровна,-41750386758
Афанасьев Данила Даниилович,-41941532891
Гаврилова Олеся Владимировна,-42132679024
Соловьев Вадим Юрьевич,-42323825157
Алексеев Михаил Александрович,-42514971290
Королева Есения Кирилловна,-42706117423
Андреева Анастасия Ивановна,-42897263556
Захарова Елизавета Артёмовна,-43088409689
Миронова Марьям Дамировна,-43279555822
Денисова Ульяна Даниловна,-43470701955
Жукова Виктория Артёмовна,-43661848088
Попова Юлия Егоровна,-43852994221
Лебедева Евдокия Никитична,-44044140354
Никитин Игорь Михайлович,-44235286487
Некрасова Анастасия Николаевна,-44426432620
Алексеева Анна Фёдоровна,-44617578753
Моисеев Ян Михайлович,-44808724886
Морозов Иван Фёдорович,-44999871019
Парфенова Анна Данииловна,-45191017152
Иванова Алина Михайловна,-45382163285
Соловьев Матвей Васильевич,-45573309418
Тарасов Лев Матвеевич,-45764455551
Колесникова Анна Всеволодовна,-45955601684
Ермолаев Денис Артёмович,-46146747817
Сидорова Арина Семёновна,-46337893950
Абрамов Лев Егорович,-46529040083
Моргунова София Макаровна,-46720186216
Зотова София Артёмовна,-46911332349
Москвин Александр Сергеевич,-47102478482
Кузьмина Сара Борисовна,-47293624615
Александров Иван Адамович,-47484770748
Орехов Роберт Павлович,-47675916881
Гусев Никита Григорьевич,-47867063014
Волкова Кира Ильинична,-48058209147
Пономарев Андрей Георгиевич,-48249355280
Туманов Александр Артёмович,-48440501413
Черкасов Александр Платонович,-48631647546
Андреев Роман Матвеевич,-48822793679
Кузнецов Макар Демидович,-49013939812
Поляков Артём Никитич,-49205085945
Афанасьев Владислав Максимович,-49396232078
Дементьева Аглая Николаевна,-49587378211
Гордеев Алексей Давидович,-49778524344
Архипова Милана Демидовна,-49969670477
Мельникова Валерия Даниэльевна,-50160816610
Майоров Ярослав Андреевич,-50351962743
Степанов Алексей Михайлович,-50543108876
Макеев Иван Матвеевич,-50734255009
Федорова Алёна Андреевна,-50925401142
Семенов Егор Михайлович,-51116547275
Ермилова Алиса Владимировна,-51307693408
Виноградов Николай Алексеевич,-51498839541
Королев Данила Ильич,-51689985674
Романова Кира Владимировна,-51881131807
Михайлова Полина Васильевна,-52072277940
Орлов Владислав Дмитриевич,-52263424073
Сахарова Лидия Марковна,-52454570206
Карпова Сабина Ивановна,-52645716339
Панков Александр Максимович,-52836862472
Смирнова Ева Макаровна,-53028008605
Леонова Вероника Андреевна,-53219154739
Басов Лев Егорович,-53410300872
Лукьянова Анна Тимофеевна,-53601447005
Давыдов Кирилл Кириллович,-53792593138
Яковлев Михаил Романович,-53983739271
Киселева Мария Дмитриевна,-54174885404
Харитонова Полина Глебовна,-54366031537
Мальцев Дамир Арсентьевич,-54557177670
Петров Артём Максимович,-54748323803
Шевелев Павел Артёмович,-54939469936
Мартынов Даниил Фёдорович,-55130616069
Малышев Глеб Иванович,-55321762202
Андреева Анастасия Ильинична,-55512908335
Богданов Кирилл Романович,-55704054468
Иванов Игорь Сергеевич,-55895200601
Зайцев Лев Русланович,-56086346734
